{
  "accuracy": 0.615,
  "precision_macro": 0.48773029753066055,
  "recall_macro": 0.45666666666666667,
  "f1_macro": 0.46149581223858976,
  "precision_weighted": 0.5751678307576674,
  "recall_weighted": 0.615,
  "f1_weighted": 0.5874908430620384,
  "classification_report": {
    "0": {
      "precision": 0.7241379310344828,
      "recall": 0.8571428571428571,
      "f1-score": 0.7850467289719626,
      "support": 98.0
    },
    "1": {
      "precision": 0.4444444444444444,
      "recall": 0.47619047619047616,
      "f1-score": 0.45977011494252873,
      "support": 42.0
    },
    "2": {
      "precision": 0.2222222222222222,
      "recall": 0.1,
      "f1-score": 0.13793103448275862,
      "support": 20.0
    },
    "3": {
      "precision": 0.36363636363636365,
      "recall": 0.2,
      "f1-score": 0.25806451612903225,
      "support": 20.0
    },
    "4": {
      "precision": 0.6842105263157895,
      "recall": 0.65,
      "f1-score": 0.6666666666666666,
      "support": 20.0
    },
    "accuracy": 0.615,
    "macro avg": {
      "precision": 0.48773029753066055,
      "recall": 0.45666666666666667,
      "f1-score": 0.46149581223858976,
      "support": 200.0
    },
    "weighted avg": {
      "precision": 0.5751678307576674,
      "recall": 0.615,
      "f1-score": 0.5874908430620384,
      "support": 200.0
    }
  },
  "confusion_matrix": [
    [
      84,
      8,
      5,
      1,
      0
    ],
    [
      10,
      20,
      1,
      5,
      6
    ],
    [
      16,
      1,
      2,
      1,
      0
    ],
    [
      6,
      9,
      1,
      4,
      0
    ],
    [
      0,
      7,
      0,
      0,
      13
    ]
  ]
}